{
  "project_info": {
    "project_number": "269054776648",
    "project_id": "jforceassignment",
    "storage_bucket": "jforceassignment.firebasestorage.app"
  },
  "client": [
    {
      "client_info": {
        "mobilesdk_app_id": "1:269054776648:android:1105cc146b1c2554958f7d",
        "android_client_info": {
          "package_name": "com.example.jforceassignment"
        }
      },
      "oauth_client": [],
      "api_key": [
        {
          "current_key": "AIzaSyBO-0iCm6slETgYJuhodSis9u3oivTpB7o"
        }
      ],
      "services": {
        "appinvite_service": {
          "other_platform_oauth_client": []
        }
      }
    }
  ],
  "configuration_version": "1"
}